"PRODUCTGROUP","number_class","weight_sum","num_realized_DIFF","num_realized","mean_forecasted","range_forecasted","mean_realized","mean_realized_diff","ssq_realized_diff","ssq_realized","std_err_realized_diff","std_err_realized","total","valid","T_statistic","DT","P_cons","T_cons_tol","P_cons_tol","P_prog","T_prog_tol","P_prog_tol"
"Bonds",59,59,59,59,0.25,0,0.0533179247347117,-0.196682075265288,0.0213297848458902,0.0213297848458902,0.0191769369591715,0.0191769369591715,59,59,-10.2561778079593,2.607298553802,0.999999999999994,-12.8634763617613,1,6.0275388477299e-15,-7.64887925415725,1.18951567612914e-10
"Long-term Commercial",7,7,7,7,0.1,0,0.0673608889443879,-0.0326391110556121,0.000585010988986691,0.000585010988986691,0.00987430157012545,0.00987430157012544,7,7,-3.30546022154734,5.06364927634723,0.991851692334389,-8.36910949789456,0.999920858915381,0.00814830766561063,1.75818905479989,0.935390726643719
"Long-term Debt",104,104,104,104,0.25,0,0.258158227921637,0.00815822792163676,0.0650298340899563,0.0650298340899563,0.0251268305308061,0.0251268305308061,104,104,0.324681933586275,1.98990477285621,0.373040156177043,-1.66522283926993,0.950546368627708,0.626959843822957,2.31458670644248,0.98869000131323
"Short-term Commercial",88,88,88,88,0.05,0,0.0164002127193041,-0.0335997872806959,0.0081033407417914,0.0081033407417914,0.00965100241460947,0.00965100241460947,88,88,-3.48148159509662,5.18080898252716,0.999608925020899,-8.66229057762378,0.99999999999989,0.000391074979101094,1.69932738743054,0.953584665091944
"Short-term Debt",92,92,92,92,0.05,0,0.0565820161564845,0.00658201615648453,0.0237503785757024,0.0237503785757024,0.0161552830727773,0.0161552830727773,92,92,0.4074219019768,3.09496279172311,0.342327495344439,-2.68754088974631,0.995720730344352,0.657672504655561,3.50238469369991,0.999641578063492
"Total",350,350,350,350,0.144142857142857,0.2,0.106041439118584,-0.0381014180242735,0.0366164031896427,0.0412484438538794,0.0102429517579313,0.010871540071925,350,350,-3.71976935210798,4.88140539774425,0.99988385875475,-8.60117474985223,1,0.000116141245250219,1.16163604563627,0.876911416402905
